Domain,Status,Attractiveness,Demand,Length,Sectors,Created,Expires,Registrar
one.observer,available,132,43%,3,"Business,General,Media,Technology",,,
brief.observer,available,124,19%,5,"Business,Education,General,Law",,,
complete.observer,available,120,21%,8,"Manufacturing,Retail,Technology",,,
second.observer,available,120,23%,6,"General,Mathematics",,,
wizard.observer,available,118,42%,6,"Entertainment,Media,Technology",,,
equal.observer,available,116,19%,5,"Education,General,Law",,,
flat.observer,available,116,23%,4,"Construction,Real Estate",,,
tenth.observer,available,116,7%,5,Mathematics,,,
tonic.observer,available,114,22%,5,"Health and Fitness,Medicine,Science",,,
above.observer,available,112,22%,5,Business,,,
zero.observer,available,112,49%,4,Mathematics,,,
acute.observer,available,112,9%,5,"Mathematics,Medicine,Science",,,
hotshot.observer,available,112,14%,7,"Business,Entertainment,Sports",,,
abstract.observer,available,108,29%,8,"Arts,Humanities,Science",,,
abiding.observer,available,106,5%,7,"General,Religion",,,
teen.observer,available,104,14%,4,"Education,Entertainment,Healthcare",,,
expert.observer,available,104,26%,6,"Business,Education,Technology",,,
active.observer,available,104,27%,6,"Health and Fitness,Sports,Travel",,,
eight.observer,available,102,23%,5,"General,Mathematics",,,
captive.observer,available,102,14%,7,"Entertainment,Hospitality,Technology",,,
extra.observer,available,102,26%,5,"Fashion,Retail,Technology",,,
eighth.observer,available,100,6%,6,Mathematics,,,
whiz.observer,available,100,12%,4,"Business,Education,Technology",,,
crack.observer,available,100,20%,5,Sports,,,
sixth.observer,available,100,8%,5,Mathematics,,,
third.observer,available,100,15%,5,Mathematics,,,
remove.observer,available,100,13%,6,"Construction,Manufacturing,Technology",,,
adjunct.observer,available,100,5%,7,Education,,,
ninth.observer,available,100,9%,5,Mathematics,,,
abrupt.observer,available,100,3%,6,"Medicine,Science",,,
genius.observer,available,98,46%,6,"Arts,Education,Technology",,,
whizz.observer,available,98,11%,5,"Business,Education,Technology",,,
doable.observer,available,96,9%,6,"Business,Education,Technology",,,
actual.observer,available,96,22%,6,"Real Estate,Retail,Technology",,,
alamode.observer,available,96,12%,9,Fashion,,,
academic.observer,available,96,20%,8,"Education,Humanities,Science",,,
forgiving.observer,available,96,3%,9,"Healthcare,Religion",,,
abject.observer,available,94,7%,6,Humanities,,,
about.observer,available,94,28%,5,"Business,General,Media,Technology",,,
virtuoso.observer,available,94,16%,8,"Arts,Entertainment",,,
adequate.observer,available,94,9%,8,"Education,Healthcare,Technology",,,
around.observer,available,94,22%,6,"Business,General,Media,Technology",,,
adjective.observer,available,92,5%,9,Education,,,
derelict.observer,available,92,7%,8,"Construction,Real Estate",,,
exemplary.observer,available,92,5%,9,"Business,Education,Healthcare",,,
next.observer,available,92,43%,4,"Retail,Technology,Transportation",,,
twentieth.observer,available,92,3%,9,Mathematics,,,
nought.observer,available,92,4%,6,Mathematics,,,
abroad.observer,available,92,12%,6,"Hospitality,Travel",,,
adept.observer,available,92,24%,5,"Education,Health and Fitness,Sports",,,
gripping.observer,available,90,3%,8,"Entertainment,Media,Technology",,,
adoring.observer,available,90,2%,7,"Entertainment,Fashion,Retail",,,
riveting.observer,available,90,6%,8,"Entertainment,Media,Technology",,,
leash.observer,available,90,7%,5,"General,Health and Fitness,Retail",,,
clear.observer,available,90,47%,5,"Manufacturing,Retail,Technology",,,
abortive.observer,available,90,1%,8,"Medicine,Science",,,
addictive.observer,available,90,9%,9,Healthcare,,,
endearing.observer,available,90,1%,9,"Entertainment,Fashion,Retail",,,
additional.observer,available,90,8%,10,"Fashion,Retail,Technology",,,
three.observer,available,88,23%,5,Mathematics,,,
ace.observer,available,88,34%,3,Sports,,,
actionable.observer,available,88,13%,10,"Business,Law",,,
sixteen.observer,available,88,10%,7,Mathematics,,,
proficient.observer,available,88,8%,10,"Education,Health and Fitness,Sports",,,
wide.observer,available,88,18%,4,"Business,Media,Technology",,,
hundred.observer,available,88,13%,7,Mathematics,,,
twelve.observer,available,88,18%,6,"General,Mathematics",,,
ten.observer,available,88,27%,3,"General,Mathematics",,,
activist.observer,available,88,12%,8,"Humanities,Politics",,,
fifteen.observer,available,88,13%,7,Mathematics,,,
adlib.observer,available,88,7%,6,Entertainment,,,
engrossing.observer,available,86,0%,10,"Entertainment,Media,Technology",,,
attendant.observer,available,86,5%,9,"Healthcare,Hospitality,Transportation",,,
extempore.observer,available,86,3%,9,Entertainment,,,
xix.observer,available,86,10%,3,Mathematics,,,
star.observer,available,86,40%,4,"Entertainment,Media,Sports",,,
recondite.observer,available,86,4%,9,"Arts,Humanities,Science",,,
xiv.observer,available,86,12%,3,Mathematics,,,
adolescent.observer,available,86,3%,10,"Education,Entertainment,Healthcare",,,
intent.observer,available,86,25%,6,"Business,Education,Technology",,,
acting.observer,available,84,12%,6,Entertainment,,,
fourteen.observer,available,84,8%,8,Mathematics,,,
adjustable.observer,available,84,3%,10,"Manufacturing,Retail,Technology",,,
thousand.observer,available,84,8%,8,Mathematics,,,
nineteen.observer,available,84,8%,8,Mathematics,,,
seventeen.observer,available,84,7%,9,Mathematics,,,
thirteen.observer,available,84,10%,8,Mathematics,,,
grand.observer,available,84,25%,5,"Finance,General",,,
deviate.observer,available,84,12%,7,"Medicine,Science",,,
twentytwo.observer,available,84,10%,10,Mathematics,,,
sharp.observer,available,84,34%,5,"Arts,Fashion",,,
accessory.observer,available,84,8%,9,"Fashion,Retail,Technology",,,
twentyone.observer,available,84,13%,10,Mathematics,,,
fivesome.observer,available,82,1%,8,Sports,,,
abenaki.observer,available,82,2%,7,Geography,,,
impromptu.observer,available,82,16%,9,Entertainment,,,
decade.observer,available,82,10%,6,Mathematics,,,
dozen.observer,available,82,10%,5,Mathematics,,,
enduring.observer,available,82,9%,8,"Health and Fitness,Religion",,,
abroach.observer,available,82,1%,7,Food and Beverage,,,
abdominal.observer,available,82,1%,9,"Health and Fitness,Medicine",,,
good.observer,available,82,47%,4,"Food and Beverage,General,Health and Fitness,Retail",,,
abkhaz.observer,available,82,1%,6,Geography,,,
cleansing.observer,available,82,3%,9,Health and Fitness,,,
absorbent.observer,available,82,3%,9,"Healthcare,Manufacturing,Retail",,,
sequent.observer,available,80,7%,7,"Healthcare,Insurance,Transportation",,,
two.observer,available,80,23%,3,Mathematics,,,
worshipful.observer,available,80,1%,10,"Education,Healthcare,Religion",,,
capable.observer,available,80,12%,7,"Business,Education,Technology",,,
absorbable.observer,available,80,0%,10,"Healthcare,Pharmaceuticals,Science",,,
twenty.observer,available,80,12%,6,Mathematics,,,
abundant.observer,available,80,19%,8,"Agriculture,Manufacturing,Retail",,,
able.observer,available,80,29%,4,"Business,Education,General,Technology",,,
first.observer,available,80,34%,5,"General,Mathematics",,,
superstar.observer,available,80,18%,9,Entertainment,,,
seventh.observer,available,80,10%,7,Mathematics,,,
nine.observer,available,80,24%,4,"General,Mathematics",,,
wiz.observer,available,80,30%,3,"Business,Education,Technology",,,
absolute.observer,available,80,25%,8,"Engineering,Mathematics,Science",,,
forty.observer,available,80,9%,5,Mathematics,,,
adoptable.observer,available,80,3%,9,"Education,Healthcare",,,
absurd.observer,available,80,16%,6,"Arts,Entertainment,Media",,,
some.observer,available,80,32%,4,"Business,Media,Retail",,,
yard.observer,resell,80,25%,4,"Construction,General",14/07/2024 16:04,14/07/2026 16:04,NAMECHEAP
dorsal.observer,available,80,6%,6,"Medicine,Science",,,
trio.observer,available,80,21%,4,Entertainment,,,
adorable.observer,available,78,8%,8,"Entertainment,Fashion,Retail",,,
accurate.observer,available,78,16%,8,"Engineering,Mathematics,Science",,,
sixtynine.observer,available,78,8%,10,Mathematics,,,
abkhazian.observer,available,78,1%,9,Geography,,,
absorptive.observer,available,78,1%,10,"Healthcare,Manufacturing,Retail",,,
acceptable.observer,available,78,5%,10,"Business,Hospitality,Retail",,,
accidental.observer,available,78,11%,10,"Healthcare,Insurance,Transportation",,,
adrenal.observer,available,78,4%,7,"Education,Healthcare,Science",,,
athletic.observer,available,78,15%,8,"Health and Fitness,Sports",,,
adjacent.observer,available,78,9%,8,"Construction,Real Estate,Retail",,,
recognized.observer,available,78,3%,10,"Business,Education,Technology",,,
twentysix.observer,available,78,8%,10,Mathematics,,,
abounding.observer,available,78,2%,9,Agriculture,,,
low.observer,available,78,20%,3,"Business,Finance",,,
accepted.observer,available,78,6%,8,"Business,Education,Technology",,,
abkhasian.observer,available,78,1%,9,Geography,,,
acceptant.observer,available,78,1%,9,"Education,Healthcare",,,
recognised.observer,available,78,3%,10,"Business,Education,Technology",,,
honestly.observer,available,78,9%,8,"Business,Law",,,
accessible.observer,available,78,21%,10,"Healthcare,Retail,Technology",,,
ancillary.observer,available,76,6%,9,"Healthcare,Manufacturing,Technology",,,
ventral.observer,available,76,3%,7,Science,,,
acoustic.observer,available,76,14%,8,Science,,,
incidental.observer,available,76,4%,10,"Healthcare,Insurance,Transportation",,,
diamond.observer,available,76,32%,7,Fashion,,,
adhesive.observer,available,76,7%,8,"Construction,Manufacturing,Technology",,,
thirteenth.observer,available,76,3%,10,Mathematics,,,
adaptive.observer,available,76,28%,8,"Business,Education,Technology",,,
fourteenth.observer,available,76,2%,10,Mathematics,,,
energizing.observer,available,76,3%,10,"Food and Beverage,Health and Fitness,Travel",,,
thousandth.observer,available,76,1%,10,Mathematics,,,
nineteenth.observer,available,76,3%,10,Mathematics,,,
abrasive.observer,available,76,6%,8,"Construction,Manufacturing",,,
adherent.observer,available,76,4%,8,"Politics,Religion",,,
auxiliary.observer,available,76,7%,9,"Healthcare,Manufacturing,Technology",,,
eighteen.observer,available,76,7%,8,Mathematics,,,
adipose.observer,available,76,2%,7,"Healthcare,Science",,,
ague.observer,available,76,2%,4,"Geography,Medicine,Science",,,
hundredth.observer,available,76,1%,9,Mathematics,,,
threed.observer,available,76,7%,7,Technology,,,
improvise.observer,available,76,4%,9,Entertainment,,,
obscene.observer,available,76,5%,7,"Entertainment,Media",,,
firstrate.observer,available,76,6%,10,Business,,,
adaptable.observer,available,76,9%,9,"Business,Education,Technology",,,
addable.observer,available,76,2%,7,"Engineering,Mathematics,Science",,,
resultant.observer,available,76,2%,9,"Healthcare,Insurance,Transportation",,,
fifteenth.observer,available,76,2%,9,Mathematics,,,
realizable.observer,available,74,1%,10,"Business,Education,Technology",,,
achievable.observer,available,74,4%,10,"Business,Education,Technology",,,
aberrant.observer,available,74,6%,8,"Medicine,Science",,,
playing.observer,available,74,12%,7,Entertainment,,,
cleared.observer,available,74,7%,7,"Healthcare,Law,Transportation",,,
abnormal.observer,available,74,16%,8,"Medicine,Science",,,
manageable.observer,available,74,4%,10,"Business,Education,Technology",,,
accepting.observer,available,74,3%,9,"Education,Healthcare",,,
skilful.observer,available,74,3%,7,"Education,Health and Fitness,Sports",,,
adamant.observer,available,74,14%,7,Religion,,,
mavin.observer,available,74,7%,5,"Entertainment,Fashion,Technology",,,
adenoid.observer,available,74,1%,7,"Health and Fitness,Medicine,Science",,,
admirable.observer,available,74,5%,9,"Business,Education,Healthcare",,,
adrenergic.observer,available,74,1%,10,"Education,Healthcare,Science",,,
acuate.observer,available,74,2%,6,"Engineering,Medicine,Science",,,
sensation.observer,available,74,7%,9,"Entertainment,Media,Sports",,,
adapted.observer,available,74,6%,7,"Healthcare,Manufacturing,Technology",,,
broad.observer,available,74,13%,5,"Entertainment,General,Media",,,
activated.observer,available,74,9%,9,"Healthcare,Manufacturing,Technology",,,
lovely.observer,available,72,26%,6,"Entertainment,Fashion,Retail",,,
trinity.observer,available,72,18%,7,Religion,,,
liv.observer,available,72,28%,3,Mathematics,,,
improvize.observer,available,72,1%,9,Entertainment,,,
accustomed.observer,available,72,1%,10,"Business,Education,Humanities",,,
adonic.observer,available,72,2%,6,"Arts,Education,Entertainment",,,
adjectival.observer,available,72,1%,10,Education,,,
accusative.observer,available,72,0%,10,"Humanities,Law",,,
seventieth.observer,available,72,1%,10,Mathematics,,,
abloom.observer,available,72,5%,6,Agriculture,,,
ninetieth.observer,available,72,1%,9,Mathematics,,,
ternary.observer,available,72,7%,7,Mathematics,,,
eightieth.observer,available,72,1%,9,Mathematics,,,
adiabatic.observer,available,72,3%,9,"Engineering,Science",,,
adjunctive.observer,available,72,1%,10,"Healthcare,Manufacturing,Technology",,,
champion.observer,available,72,28%,8,"Entertainment,Health and Fitness,Sports",,,
adaptative.observer,available,72,1%,10,"Business,Education,Technology",,,
abreast.observer,available,72,2%,7,"Business,Technology",,,
absorbed.observer,available,72,2%,8,"Entertainment,Media,Technology",,,
absolutist.observer,available,72,1%,10,"Humanities,Law,Politics",,,
engrossed.observer,available,72,1%,9,"Entertainment,Media,Technology",,,
sixtieth.observer,available,72,1%,8,Mathematics,,,
aching.observer,available,72,4%,6,Healthcare,,,
ablaze.observer,available,72,6%,6,Entertainment,,,
trey.observer,available,72,13%,4,Sports,,,
existent.observer,available,72,3%,8,"Mathematics,Science",,,
addicted.observer,available,72,9%,8,Healthcare,,,
admired.observer,available,70,5%,7,"Business,Education,Healthcare",,,
abradant.observer,available,70,1%,8,"Construction,Manufacturing",,,
acuminate.observer,available,70,1%,9,"Engineering,Medicine,Science",,,
consequent.observer,available,70,3%,10,"Business,Education,General,Technology",,,
offhand.observer,available,70,2%,7,Entertainment,,,
absorbing.observer,available,70,3%,9,"Entertainment,Media,Technology",,,
tiptop.observer,available,70,24%,6,Fashion,,,
adamantine.observer,available,70,4%,10,Religion,,,
abulic.observer,available,70,1%,6,Medicine,,,
skillful.observer,available,70,9%,8,"Education,Health and Fitness,Sports",,,
recumbent.observer,available,70,2%,9,"Healthcare,Medicine,Science",,,
adjusted.observer,available,70,5%,8,"Manufacturing,Retail,Technology",,,
stillborn.observer,available,70,2%,9,"Medicine,Science",,,
gymnastic.observer,available,70,3%,9,"Entertainment,Sports",,,
adored.observer,available,70,6%,6,"Entertainment,Fashion,Retail",,,
lowdown.observer,available,70,6%,8,"Entertainment,Media",,,
practiced.observer,available,70,3%,9,"Education,Health and Fitness,Sports",,,
miserable.observer,available,70,4%,9,Humanities,,,
accumbent.observer,available,70,1%,9,"Healthcare,Medicine,Science",,,
thirtieth.observer,available,68,1%,9,Mathematics,,,
ane.observer,available,68,12%,3,Mathematics,,,
octonary.observer,available,68,1%,8,Mathematics,,,
abducent.observer,available,68,0%,8,Medicine,,,
ablative.observer,available,68,3%,8,Science,,,
threesome.observer,available,68,5%,9,Entertainment,,,
achaean.observer,available,68,2%,7,Humanities,,,
stygian.observer,available,68,5%,7,Humanities,,,
activating.observer,available,68,3%,10,"Healthcare,Manufacturing,Technology",,,
achaian.observer,available,68,2%,7,Humanities,,,
septenary.observer,available,68,2%,9,Mathematics,,,
ennead.observer,available,68,5%,6,Mathematics,,,
acerate.observer,available,68,1%,7,Science,,,
aberdonian.observer,available,68,1%,10,Geography,,,
abkhas.observer,available,68,0%,6,Geography,,,
foursome.observer,available,68,4%,8,Sports,,,
overseas.observer,available,68,12%,8,"Hospitality,Travel",,,
scurvy.observer,available,68,3%,6,Humanities,,,
aculeate.observer,available,68,1%,8,"Engineering,Medicine,Science",,,
sevener.observer,available,68,1%,7,Mathematics,,,
disciple.observer,available,68,14%,8,"Education,Religion",,,
vindicated.observer,available,68,2%,10,"Humanities,Law,Politics",,,
fiftieth.observer,available,68,1%,8,Mathematics,,,
abnaki.observer,available,68,1%,6,Geography,,,
licenced.observer,available,68,2%,8,"Business,Healthcare,Insurance",,,
decorated.observer,available,68,3%,9,"Entertainment,Fashion,Retail",,,
aroused.observer,available,68,3%,7,"Entertainment,Health and Fitness",,,
licensed.observer,available,68,5%,8,"Business,Healthcare,Insurance",,,
fortieth.observer,available,68,1%,8,Mathematics,,,
accredited.observer,available,68,9%,10,"Business,Education,Healthcare",,,
acappella.observer,available,66,6%,10,Entertainment,,,
five.observer,available,66,26%,4,Mathematics,,,
adorned.observer,available,66,5%,7,"Entertainment,Fashion,Retail",,,
exonerated.observer,available,66,2%,10,"Humanities,Law,Politics",,,
xxv.observer,available,66,6%,3,Mathematics,,,
xxii.observer,available,66,6%,4,Mathematics,,,
century.observer,available,66,17%,7,Education,,,
latest.observer,available,66,18%,6,Technology,,,
xvii.observer,available,66,5%,4,Mathematics,,,
eighty.observer,available,66,6%,6,Mathematics,,,
sextet.observer,available,66,2%,6,Entertainment,,,
acervate.observer,available,66,1%,8,Science,,,
ninety.observer,available,66,11%,6,Mathematics,,,
four.observer,available,66,27%,4,Mathematics,,,
xvi.observer,available,66,4%,3,Mathematics,,,
xxvi.observer,available,66,3%,4,Mathematics,,,
clv.observer,available,66,10%,3,Mathematics,,,
maven.observer,available,66,30%,5,"Entertainment,Fashion,Technology",,,
xxi.observer,available,66,10%,3,Mathematics,,,
tenner.observer,available,66,4%,6,Finance,,,
adopted.observer,available,66,4%,7,"Education,Healthcare",,,
teenager.observer,available,66,4%,8,"Education,Entertainment,Healthcare",,,
abstinent.observer,available,66,1%,9,"Health and Fitness,Religion",,,
modish.observer,available,66,5%,6,Fashion,,,
thirty.observer,available,66,7%,6,Mathematics,,,
fifty.observer,available,66,13%,5,Mathematics,,,
xiii.observer,available,66,9%,4,Mathematics,,,
onec.observer,available,66,6%,5,Mathematics,,,
deuce.observer,available,66,8%,5,Sports,,,
six.observer,available,66,26%,3,Mathematics,,,
according.observer,available,66,3%,9,"Business,Education,Technology",,,
performing.observer,available,66,6%,10,Entertainment,,,
buzzing.observer,available,66,7%,7,"Entertainment,Media,Technology",,,
acrobatic.observer,available,66,4%,9,"Entertainment,Sports",,,
accessary.observer,available,66,1%,9,"Business,Law,Technology",,,
xii.observer,available,66,10%,3,Mathematics,,,
xviii.observer,available,66,4%,5,Mathematics,,,
acentric.observer,available,64,2%,8,Science,,,
absolved.observer,available,64,1%,8,"Humanities,Law,Religion",,,
accordant.observer,available,64,3%,9,"Arts,Entertainment",,,
rising.observer,available,64,18%,6,"Construction,Manufacturing,Real Estate",,,
aflame.observer,available,64,3%,6,Entertainment,,,
astringent.observer,available,64,1%,10,"Healthcare,Pharmaceuticals",,,
deviant.observer,available,64,12%,7,"Medicine,Science",,,
scatty.observer,available,64,1%,6,"Arts,Entertainment,Media",,,
nondrinker.observer,available,64,1%,10,"Health and Fitness,Religion",,,
adagio.observer,available,64,14%,6,Entertainment,,,
eleventh.observer,available,62,5%,8,Mathematics,,,
ensuant.observer,available,62,1%,7,"Healthcare,Insurance,Transportation",,,
troika.observer,available,62,8%,6,Politics,,,
twodozen.observer,available,62,1%,9,Mathematics,,,
nail.observer,available,62,16%,4,"Construction,Fashion,General,Retail",,,
roughly.observer,available,62,3%,7,"Business,Media,Technology",,,
sixteenth.observer,available,62,1%,9,Mathematics,,,
aufait.observer,available,62,3%,7,"Fashion,Media",,,
eighteenth.observer,available,62,1%,10,Mathematics,,,
accrued.observer,available,62,2%,7,"Banking,Finance,Insurance",,,
cumulative.observer,available,62,2%,10,"Banking,Finance,Insurance",,,
admissible.observer,available,62,1%,10,"Education,Healthcare,Law",,,
wrapped.observer,available,62,13%,7,"Fashion,Hospitality,Retail",,,
longdozen.observer,available,62,1%,10,Mathematics,,,
chiliad.observer,available,62,2%,7,Mathematics,,,
adoptive.observer,available,62,1%,8,"Education,Healthcare",,,
pungent.observer,available,62,1%,7,Food and Beverage,,,
aborigine.observer,available,62,1%,9,Humanities,,,
fortyfour.observer,available,62,6%,10,Mathematics,,,
quartet.observer,available,62,7%,7,"Arts,Entertainment",,,
adjuvant.observer,available,62,5%,8,"Healthcare,Manufacturing,Technology",,,
activistic.observer,available,62,1%,10,"Humanities,Politics",,,
accusing.observer,available,62,1%,8,Law,,,
playacting.observer,available,62,1%,10,Entertainment,,,
activation.observer,available,62,16%,10,"Healthcare,Manufacturing,Technology",,,
orso.observer,available,62,9%,5,"Business,Media,Technology",,,
abo.observer,available,62,15%,3,Science,,,
acidic.observer,available,62,5%,6,"Food and Beverage,Science",,,
exculpated.observer,available,62,1%,10,"Humanities,Law,Politics",,,
sixty.observer,available,60,13%,5,Mathematics,,,
paunchy.observer,available,60,0%,7,"Health and Fitness,Medicine",,,
eightysix.observer,available,60,7%,10,Mathematics,,,
cautionary.observer,available,60,1%,10,"Business,Education,Healthcare",,,
clxv.observer,available,60,1%,4,Mathematics,,,
octet.observer,available,60,12%,5,Arts,,,
xcl.observer,available,60,5%,3,Mathematics,,,
thou.observer,available,60,7%,4,Mathematics,,,
cxlv.observer,available,60,2%,4,Mathematics,,,
cxv.observer,available,60,4%,3,Mathematics,,,
idolised.observer,available,60,1%,8,"Entertainment,Fashion,Retail",,,
abstainer.observer,available,60,0%,9,"Health and Fitness,Religion",,,
abstemious.observer,available,60,0%,10,"Food and Beverage,Health and Fitness,Hospitality",,,
tertiary.observer,available,60,4%,8,Education,,,
abashed.observer,available,60,1%,7,Humanities,,,
clxxv.observer,available,60,1%,5,Mathematics,,,
acceptive.observer,available,60,1%,9,"Education,Healthcare",,,
adnexal.observer,available,60,1%,7,"Agriculture,Manufacturing,Retail",,,
idolized.observer,available,60,3%,8,"Entertainment,Fashion,Retail",,,
cxl.observer,available,60,7%,3,Mathematics,,,
annexal.observer,available,60,1%,7,"Agriculture,Manufacturing,Retail",,,
cxxv.observer,available,60,1%,4,Mathematics,,,
cxxxv.observer,available,60,1%,5,Mathematics,,,
cxx.observer,available,60,9%,3,Mathematics,,,
aboveboard.observer,available,60,5%,10,"Business,Law",,,
cxxx.observer,available,60,3%,4,Mathematics,,,
clxx.observer,available,60,2%,4,Mathematics,,,
clxxx.observer,available,60,1%,5,Mathematics,,,
clx.observer,available,60,8%,3,Mathematics,,,
adnate.observer,available,60,1%,6,"Agriculture,Manufacturing,Retail",,,
tercet.observer,available,59,2%,6,"Arts,Entertainment,Media",,,
niner.observer,available,58,5%,5,Mathematics,,,
fourth.observer,available,58,13%,6,Mathematics,,,
abridged.observer,available,58,4%,8,Media,,,
cypher.observer,available,58,28%,6,Mathematics,,,
tetrad.observer,available,58,5%,6,Mathematics,,,
abandoned.observer,available,58,10%,9,"Construction,Real Estate",,,
super.observer,available,58,47%,5,Business,,,
fourscore.observer,available,58,4%,9,Mathematics,,,
alacarte.observer,available,58,11%,10,Food and Beverage,,,
fifth.observer,available,58,12%,5,Mathematics,,,
twelfth.observer,available,58,2%,7,Mathematics,,,
quintet.observer,available,58,8%,7,"Arts,Entertainment",,,
abused.observer,available,58,5%,6,"Healthcare,Law",,,
abuzz.observer,available,58,5%,5,"Entertainment,Media,Technology",,,
accretive.observer,available,58,6%,9,"Banking,Finance,Insurance",,,
closeto.observer,available,58,3%,8,"Business,Media,Technology",,,
lxxx.observer,available,58,2%,4,Mathematics,,,
seven.observer,available,58,35%,5,Mathematics,,,
ache.observer,available,58,7%,4,Healthcare,,,
addressed.observer,available,58,3%,9,"Business,Technology,Telecommunications",,,
justabout.observer,available,58,3%,10,"Business,Media,Technology",,,
accented.observer,available,58,3%,8,"Arts,Entertainment",,,
sextuplet.observer,available,58,1%,9,Healthcare,,,
accoutred.observer,available,58,1%,9,"Fashion,Manufacturing,Retail",,,
octad.observer,available,58,5%,5,Mathematics,,,
adhoc.observer,available,58,24%,6,"Business,Engineering,Technology",,,
offhanded.observer,available,58,1%,9,Entertainment,,,
adient.observer,available,58,4%,6,"Medicine,Science",,,
sixtyone.observer,available,58,5%,9,Mathematics,,,
heptad.observer,available,58,2%,6,Mathematics,,,
actuarial.observer,available,58,8%,9,"Finance,Insurance,Mathematics",,,
lxxviii.observer,available,58,1%,7,Mathematics,,,
acetic.observer,available,58,1%,6,"Food and Beverage,Science",,,
eighter.observer,available,58,2%,7,Mathematics,,,
enwrapped.observer,available,58,0%,9,"Entertainment,Fashion,Media",,,
centesimal.observer,available,58,1%,10,Mathematics,,,
sixer.observer,available,58,5%,5,Sports,,,
acyclic.observer,available,58,4%,7,"Engineering,Mathematics,Science",,,
seventy.observer,available,58,7%,7,Mathematics,,,
addible.observer,available,58,2%,7,"Engineering,Mathematics,Science",,,
aucourant.observer,available,58,3%,10,"Fashion,Media",,,
hexad.observer,available,58,5%,5,Mathematics,,,
pentad.observer,available,58,3%,6,Mathematics,,,
adjustive.observer,available,58,1%,9,"Manufacturing,Retail,Technology",,,
linear.observer,available,58,22%,6,"Engineering,Mathematics,Science",,,
xxxi.observer,available,56,8%,4,Mathematics,,,
addled.observer,available,56,2%,6,Entertainment,,,
accoutered.observer,available,56,0%,10,"Fashion,Manufacturing,Retail",,,
xlvii.observer,available,56,2%,5,Mathematics,,,
lii.observer,available,56,7%,3,Mathematics,,,
xxiv.observer,available,56,5%,4,Mathematics,,,
halfdozen.observer,available,56,1%,10,Mathematics,,,
admittible.observer,available,56,1%,10,"Education,Healthcare,Hospitality",,,
xxxii.observer,available,56,1%,5,Mathematics,,,
fiftytwo.observer,available,56,6%,9,Mathematics,,,
thirtytwo.observer,available,56,4%,10,Mathematics,,,
abdominous.observer,available,56,0%,10,"Health and Fitness,Medicine",,,
xlvi.observer,available,56,3%,4,Mathematics,,,
fiftynine.observer,available,56,4%,10,Mathematics,,,
fiftyone.observer,available,56,8%,9,Mathematics,,,
xxxiii.observer,available,56,2%,6,Mathematics,,,
xlviii.observer,available,56,1%,6,Mathematics,,,
thirtysix.observer,available,56,5%,10,Mathematics,,,
lviii.observer,available,56,1%,5,Mathematics,,,
terzetto.observer,available,56,3%,8,Arts,,,
xlv.observer,available,56,6%,3,Mathematics,,,
aone.observer,available,56,15%,5,Food and Beverage,,,
xxvii.observer,available,56,3%,5,Mathematics,,,
fortytwo.observer,available,56,17%,9,Mathematics,,,
xxviii.observer,available,56,1%,6,Mathematics,,,
xxix.observer,available,56,4%,4,Mathematics,,,
maledict.observer,available,56,1%,8,Religion,,,
appressed.observer,available,56,0%,9,"Agriculture,Manufacturing,Retail",,,
ilx.observer,available,56,6%,3,Mathematics,,,
fiftyfive.observer,available,56,8%,10,Mathematics,,,
xxxiv.observer,available,56,1%,5,Mathematics,,,
xlii.observer,available,56,5%,4,Mathematics,,,
thirtyone.observer,available,56,4%,10,Mathematics,,,
xxxviii.observer,available,56,1%,7,Mathematics,,,
xxxvi.observer,available,56,1%,5,Mathematics,,,
xxiii.observer,available,56,4%,5,Mathematics,,,
xxxvii.observer,available,56,2%,6,Mathematics,,,
potbellied.observer,available,56,0%,10,"Health and Fitness,Medicine",,,
fortyone.observer,available,56,5%,9,Mathematics,,,
abeyant.observer,available,56,1%,7,"Business,Law",,,
xxxv.observer,available,56,4%,4,Mathematics,,,
liii.observer,available,56,4%,4,Mathematics,,,
lvii.observer,available,56,2%,4,Mathematics,,,
fiftysix.observer,available,56,4%,9,Mathematics,,,
xliii.observer,available,56,1%,5,Mathematics,,,
xli.observer,available,56,5%,3,Mathematics,,,
fortysix.observer,available,56,4%,9,Mathematics,,,
lvi.observer,available,56,8%,3,Mathematics,,,
triad.observer,available,56,15%,5,Arts,,,
fiftyfour.observer,available,56,4%,10,Mathematics,,,
fortynine.observer,available,56,3%,10,Mathematics,,,
admissive.observer,available,56,1%,9,"Education,Healthcare,Hospitality",,,
xliv.observer,available,56,3%,4,Mathematics,,,
admittable.observer,available,56,1%,10,"Education,Healthcare,Hospitality",,,
vii.observer,available,54,13%,3,Mathematics,,,
abatable.observer,available,54,1%,8,Law,,,
actuated.observer,available,54,2%,8,"Automotive,Manufacturing,Technology",,,
quadruplet.observer,available,54,1%,10,"Healthcare,Medicine,Science",,,
admonitory.observer,available,54,0%,10,"Business,Education,Healthcare",,,
threescore.observer,available,54,2%,10,Mathematics,,,
monitory.observer,available,54,3%,8,"Business,Education,Healthcare",,,
fortyfive.observer,available,54,5%,10,Mathematics,,,
fin.observer,available,54,30%,3,Finance,,,
abducens.observer,available,54,1%,8,Medicine,,,
adjuratory.observer,available,54,0%,10,"Law,Politics,Religion",,,
abhorrent.observer,available,54,1%,9,Humanities,,,
abaxial.observer,available,54,1%,7,Science,,,
ternion.observer,available,54,3%,7,Mathematics,,,
adaxial.observer,available,54,2%,7,Science,,,
unnatural.observer,available,54,4%,9,"Medicine,Science",,,
quatern.observer,available,54,2%,7,Mathematics,,,
deuceace.observer,available,54,1%,9,Sports,,,
accentual.observer,available,54,3%,9,"Arts,Entertainment",,,
abient.observer,available,54,1%,6,Science,,,
adducent.observer,available,54,1%,8,"Engineering,Mathematics,Science",,,
abatic.observer,available,54,1%,6,Science,,,
adpressed.observer,available,54,0%,9,"Agriculture,Manufacturing,Retail",,,
sise.observer,available,54,5%,4,Mathematics,,,
adducting.observer,available,54,1%,9,"Engineering,Mathematics,Science",,,
aboral.observer,available,54,2%,6,Science,,,
quaternity.observer,available,54,4%,10,Mathematics,,,
topnotch.observer,available,54,18%,8,Business,,,
twoscore.observer,available,54,2%,8,Mathematics,,,
accursed.observer,available,54,3%,8,"Entertainment,Media,Religion",,,
deserted.observer,available,54,3%,8,"Hospitality,Real Estate",,,
quintuplet.observer,available,54,1%,10,"Healthcare,Medicine,Science",,,
acoustical.observer,available,54,4%,10,Science,,,
achy.observer,available,54,3%,4,Healthcare,,,
abasic.observer,available,54,1%,6,Science,,,
adductive.observer,available,54,0%,9,"Engineering,Mathematics,Science",,,
viii.observer,available,54,6%,4,Mathematics,,,
scratchy.observer,available,54,3%,8,Fashion,,,
iii.observer,available,54,24%,3,Mathematics,,,
quaternion.observer,available,54,6%,10,Mathematics,,,
achromatic.observer,available,54,4%,10,Science,,,
sestet.observer,available,53,1%,6,Arts,,,
septet.observer,available,53,1%,6,General,,,
aboulic.observer,available,52,1%,7,Medicine,,,
xcii.observer,available,52,2%,4,Mathematics,,,
adenoidal.observer,available,52,1%,9,"Health and Fitness,Medicine,Science",,,
decumbent.observer,available,52,1%,9,"Healthcare,Medicine,Science",,,
lxviii.observer,available,52,2%,6,Mathematics,,,
sixtysix.observer,available,52,5%,9,Mathematics,,,
lxv.observer,available,52,5%,3,Mathematics,,,
littlejoe.observer,available,52,2%,10,"Entertainment,Media",,,
lxxxii.observer,available,52,1%,6,Mathematics,,,
abominable.observer,available,52,2%,10,"Entertainment,Humanities",,,
lxxiv.observer,available,52,1%,5,Mathematics,,,
ixc.observer,available,52,5%,3,Mathematics,,,
eightyone.observer,available,52,3%,10,Mathematics,,,
lxxvii.observer,available,52,2%,6,Mathematics,,,
abusive.observer,available,52,3%,7,"Healthcare,Law",,,
sixtytwo.observer,available,52,3%,9,Mathematics,,,
lxxxi.observer,available,52,1%,5,Mathematics,,,
repulsive.observer,available,52,1%,9,Humanities,,,
sixtyfour.observer,available,52,4%,10,Mathematics,,,
xci.observer,available,52,4%,3,Mathematics,,,
abysmal.observer,available,52,4%,7,"Arts,Entertainment,Media",,,
eightytwo.observer,available,52,4%,10,Mathematics,,,
lxxiii.observer,available,52,2%,6,Mathematics,,,
xcviii.observer,available,52,1%,6,Mathematics,,,
lxii.observer,available,52,2%,4,Mathematics,,,
lxxxiii.observer,available,52,1%,7,Mathematics,,,
lxxvi.observer,available,52,1%,5,Mathematics,,,
abstruse.observer,available,52,5%,8,"Humanities,Mathematics,Science",,,
uphill.observer,available,52,7%,6,"Sports,Transportation,Travel",,,
lxxv.observer,available,52,2%,4,Mathematics,,,
odious.observer,available,52,2%,6,"Entertainment,Humanities",,,
lxvii.observer,available,52,1%,5,Mathematics,,,
tierce.observer,available,52,3%,6,General,,,
detestable.observer,available,52,1%,10,Humanities,,,
xcvi.observer,available,52,2%,4,Mathematics,,,
lxxxv.observer,available,52,1%,5,Mathematics,,,
lxxxiv.observer,available,52,1%,6,Mathematics,,,
xcv.observer,available,52,7%,3,Mathematics,,,
lxxxvi.observer,available,52,1%,6,Mathematics,,,
ablated.observer,available,52,1%,7,Science,,,
ixl.observer,available,52,9%,3,Mathematics,,,
ninetyone.observer,available,52,5%,10,Mathematics,,,
xciii.observer,available,52,1%,5,Mathematics,,,
lxi.observer,available,52,5%,3,Mathematics,,,
ninetytwo.observer,available,52,4%,10,Mathematics,,,
xciv.observer,available,52,2%,4,Mathematics,,,
ninetysix.observer,available,52,4%,10,Mathematics,,,
lxvi.observer,available,52,3%,4,Mathematics,,,
chagrined.observer,available,52,1%,9,Humanities,,,
lxxi.observer,available,52,2%,4,Mathematics,,,
lxiv.observer,available,52,3%,4,Mathematics,,,
repugnant.observer,available,52,1%,9,Humanities,,,
xcvii.observer,available,52,1%,5,Mathematics,,,
lxiii.observer,available,52,2%,5,Mathematics,,,
sixtyfive.observer,available,52,3%,10,Mathematics,,,
lxxxvii.observer,available,52,1%,7,Mathematics,,,
lxxii.observer,available,52,1%,5,Mathematics,,,
acerbic.observer,available,50,2%,7,"Arts,Humanities,Media",,,
triplet.observer,available,50,8%,7,Science,,,
acetose.observer,available,50,1%,7,Science,,,
acetous.observer,available,50,1%,7,Science,,,
lxx.observer,available,50,5%,3,Mathematics,,,
adactylous.observer,available,50,0%,10,Science,,,
trine.observer,available,50,11%,5,"General,Religion",,,
broached.observer,available,50,0%,8,Food and Beverage,,,
abdicable.observer,available,50,0%,9,Law,,,
acaudal.observer,available,50,1%,7,"Agriculture,Science",,,
acellular.observer,available,50,1%,9,Science,,,
acapnic.observer,available,50,0%,7,"Healthcare,Medicine,Science",,,
scummy.observer,available,50,1%,6,Humanities,,,
spinous.observer,available,50,1%,7,"Agriculture,Science",,,
needlelike.observer,available,50,0%,10,"Engineering,Medicine,Science",,,
acapnotic.observer,available,50,0%,9,"Healthcare,Medicine,Science",,,
aculeated.observer,available,50,0%,9,"Engineering,Medicine,Science",,,
abactinal.observer,available,50,0%,9,Science,,,
ogdoad.observer,available,50,1%,6,Mathematics,,,
abomasal.observer,available,50,0%,8,Agriculture,,,
quint.observer,available,50,13%,5,"Arts,Entertainment",,,
gillless.observer,available,50,0%,9,Science,,,
adhominem.observer,available,50,2%,10,"Humanities,Law,Politics",,,
aborticide.observer,available,50,0%,10,Medicine,,,
abducting.observer,available,50,0%,9,Medicine,,,
abranchial.observer,available,50,0%,10,Science,,,
vinegary.observer,available,50,1%,8,Food and Beverage,,,
acquitted.observer,available,50,1%,9,Law,,,
acerose.observer,available,50,1%,7,Science,,,
acerb.observer,available,50,2%,5,Science,,,
cinque.observer,available,50,7%,6,Mathematics,,,
abbatial.observer,available,50,0%,8,Religion,,,
notguilty.observer,available,48,5%,10,Law,,,
ilxxx.observer,available,48,1%,5,Mathematics,,,
lxxxviii.observer,available,48,1%,8,Mathematics,,,
abstracted.observer,available,48,5%,10,"Arts,Humanities,Science",,,
ilxx.observer,available,48,1%,4,Mathematics,,,
apriori.observer,available,48,13%,8,Mathematics,,,
execrable.observer,available,48,0%,9,"Entertainment,Humanities",,,
acephalous.observer,available,46,1%,10,Science,,,
acarpelous.observer,available,46,0%,10,"Agriculture,Science",,,
acetylenic.observer,available,46,1%,10,Science,,,
acarpous.observer,available,46,0%,8,"Agriculture,Science",,,
acaudate.observer,available,46,1%,8,"Agriculture,Science",,,
acetonic.observer,available,46,1%,8,Science,,,
acapnial.observer,available,46,0%,8,"Healthcare,Medicine,Science",,,
acanthoid.observer,available,46,1%,9,"Agriculture,Science",,,
acanthous.observer,available,46,0%,9,"Agriculture,Science",,,
acheronian.observer,available,46,1%,10,Humanities,,,
achromous.observer,available,46,1%,9,Science,,,
achromic.observer,available,46,2%,8,Science,,,
cotyloid.observer,available,46,1%,8,Science,,,
acetabular.observer,available,46,1%,10,Science,,,
quaternary.observer,available,46,3%,10,Mathematics,,,
acanthotic.observer,available,46,0%,10,"Agriculture,Science",,,
acicular.observer,available,46,2%,8,Science,,,
achenial.observer,available,46,1%,8,Science,,,
theabsurd.observer,available,46,1%,10,"Arts,Entertainment,Media",,,
stemless.observer,available,46,2%,8,"Agriculture,Science",,,
stripling.observer,available,46,2%,9,"Education,Entertainment,Healthcare",,,
vinegarish.observer,available,46,1%,10,Food and Beverage,,,
acetylic.observer,available,46,1%,8,Science,,,
acherontic.observer,available,44,1%,10,Humanities,,,
accusatory.observer,available,44,1%,10,Law,,,
cotyloidal.observer,available,44,1%,10,Science,,,
abscessed.observer,available,41,0%,9,Healthcare,,,
phoebe.observer,available,41,14%,6,Science,,,
accusive.observer,available,40,1%,8,Law,,,
scurrilous.observer,available,40,1%,10,"Entertainment,Media,Politics",,,
accurst.observer,available,40,1%,7,Religion,,,